Cutoff,Sensitivity,Specificity,PPV,NPV,Accuracy,Youden's J,F1 Score,LR+,LR-
0.15,0.867,0.143,0.52,0.5,0.517,0.01,0.65,1.011,0.933
0.2,0.867,0.357,0.591,0.714,0.621,0.224,0.703,1.348,0.373
0.25,0.733,0.571,0.647,0.667,0.655,0.305,0.688,1.711,0.467
0.30000000000000004,0.733,0.857,0.846,0.75,0.793,0.59,0.786,5.133,0.311
0.35,0.533,0.857,0.8,0.632,0.69,0.39,0.64,3.733,0.544
0.4,0.533,1,1,0.667,0.759,0.533,0.696,Inf,0.467
0.45000000000000007,0.333,1,1,0.583,0.655,0.333,0.5,Inf,0.667
0.5,0.2,1,1,0.538,0.586,0.2,0.333,Inf,0.8
0.55,0.133,1,1,0.519,0.552,0.133,0.235,Inf,0.867
