Adverse Event,PK Metric,AE+ (N),AE- (N),AE+ Median (IQR),AE- Median (IQR),p-value,Sig
CRS (all grade),Cmax_72hr,15,14,"0.392 (0.161, 0.532)","0.177 (0.151, 0.351)",0.146,
CRS (all grade),Cavg_72hr,15,14,"0.120 (0.098, 0.164)","0.105 (0.090, 0.121)",0.146,
CRS (all grade),Cmax_120hr,15,14,"1.023 (0.801, 1.674)","0.654 (0.628, 0.765)",0.005,*
CRS (all grade),Cavg_120hr,15,14,"0.408 (0.277, 0.473)","0.230 (0.186, 0.295)",0.009,*
CRS (all grade),Cmax_dose1,15,14,"0.135 (0.123, 0.151)","0.149 (0.121, 0.191)",0.400,
CRS (all grade),Cavg_dose1,15,14,"0.080 (0.072, 0.103)","0.090 (0.069, 0.121)",0.400,
CRS (all grade),Cmax_dose3,15,12,"5.195 (4.777, 7.255)","6.141 (5.158, 6.901)",0.792,
CRS (all grade),Cavg_dose3,15,12,"4.159 (3.625, 5.718)","4.784 (3.974, 5.295)",0.755,
Neurotoxicity (all grade),Cmax_72hr,5,24,"0.196 (0.151, 0.403)","0.191 (0.150, 0.488)",0.845,
Neurotoxicity (all grade),Cavg_72hr,5,24,"0.115 (0.089, 0.123)","0.112 (0.091, 0.149)",0.845,
Neurotoxicity (all grade),Cmax_120hr,5,24,"0.698 (0.641, 0.775)","0.865 (0.639, 1.030)",0.634,
Neurotoxicity (all grade),Cavg_120hr,5,24,"0.254 (0.208, 0.294)","0.304 (0.207, 0.411)",0.594,
Neurotoxicity (all grade),Cmax_dose1,5,24,"0.147 (0.116, 0.151)","0.137 (0.122, 0.180)",0.978,
Neurotoxicity (all grade),Cavg_dose1,5,24,"0.089 (0.069, 0.092)","0.087 (0.073, 0.109)",0.889,
Neurotoxicity (all grade),Cmax_dose3,4,23,"5.641 (5.125, 6.516)","5.345 (4.858, 6.915)",0.921,
Neurotoxicity (all grade),Cavg_dose3,4,23,"4.328 (3.962, 5.003)","4.330 (3.728, 5.362)",1.000,
Neutropenia (Gr3+),Cmax_72hr,24,5,"0.195 (0.148, 0.488)","0.178 (0.176, 0.392)",0.758,
Neutropenia (Gr3+),Cavg_72hr,24,5,"0.114 (0.089, 0.149)","0.106 (0.105, 0.120)",0.758,
Neutropenia (Gr3+),Cmax_120hr,24,5,"0.756 (0.642, 0.980)","0.897 (0.468, 2.094)",0.933,
Neutropenia (Gr3+),Cavg_120hr,24,5,"0.295 (0.211, 0.401)","0.295 (0.142, 0.449)",0.889,
Neutropenia (Gr3+),Cmax_dose1,24,5,"0.137 (0.122, 0.178)","0.147 (0.116, 0.178)",1.000,
Neutropenia (Gr3+),Cavg_dose1,24,5,"0.087 (0.073, 0.109)","0.092 (0.069, 0.105)",0.978,
Neutropenia (Gr3+),Cmax_dose3,23,4,"6.009 (4.904, 6.915)","4.977 (4.501, 5.792)",0.409,
Neutropenia (Gr3+),Cavg_dose3,23,4,"4.637 (3.832, 5.362)","3.905 (3.634, 4.410)",0.409,
Thrombocytopenia (Gr3+),Cmax_72hr,18,11,"0.299 (0.176, 0.517)","0.153 (0.134, 0.293)",0.039,*
Thrombocytopenia (Gr3+),Cavg_72hr,18,11,"0.119 (0.105, 0.157)","0.092 (0.086, 0.117)",0.055,
Thrombocytopenia (Gr3+),Cmax_120hr,18,11,"0.865 (0.641, 1.029)","0.707 (0.606, 0.993)",0.611,
Thrombocytopenia (Gr3+),Cavg_120hr,18,11,"0.316 (0.209, 0.419)","0.249 (0.194, 0.321)",0.363,
Thrombocytopenia (Gr3+),Cmax_dose1,18,11,"0.142 (0.122, 0.191)","0.137 (0.112, 0.159)",0.438,
Thrombocytopenia (Gr3+),Cavg_dose1,18,11,"0.083 (0.070, 0.112)","0.089 (0.069, 0.107)",0.912,
Thrombocytopenia (Gr3+),Cmax_dose3,16,11,"6.282 (5.253, 7.045)","4.936 (4.456, 5.768)",0.080,
Thrombocytopenia (Gr3+),Cavg_dose3,16,11,"4.789 (4.124, 5.476)","3.824 (3.212, 4.527)",0.034,*
Lymphopenia (Gr3+),Cmax_72hr,27,2,"0.194 (0.152, 0.495)","0.166 (0.151, 0.181)",0.542,
Lymphopenia (Gr3+),Cavg_72hr,27,2,"0.114 (0.090, 0.150)","0.101 (0.094, 0.108)",0.596,
Lymphopenia (Gr3+),Cmax_120hr,27,2,"0.834 (0.635, 1.037)","0.703 (0.700, 0.705)",0.709,
Lymphopenia (Gr3+),Cavg_120hr,27,2,"0.297 (0.202, 0.415)","0.225 (0.216, 0.234)",0.399,
Lymphopenia (Gr3+),Cmax_dose1,27,2,"0.137 (0.121, 0.176)","0.180 (0.158, 0.202)",0.355,
Lymphopenia (Gr3+),Cavg_dose1,27,2,"0.088 (0.069, 0.107)","0.114 (0.100, 0.127)",0.355,
Lymphopenia (Gr3+),Cmax_dose3,25,2,"5.345 (4.844, 6.887)","6.488 (5.712, 7.263)",0.689,
Lymphopenia (Gr3+),Cavg_dose3,25,2,"4.330 (3.791, 5.283)","4.998 (4.448, 5.549)",0.689,
Infection (all grade),Cmax_72hr,27,2,"0.196 (0.152, 0.495)","0.147 (0.132, 0.161)",0.148,
Infection (all grade),Cavg_72hr,27,2,"0.114 (0.090, 0.150)","0.091 (0.083, 0.098)",0.207,
Infection (all grade),Cmax_120hr,27,2,"0.834 (0.653, 1.037)","0.173 (0.154, 0.191)",0.005,*
Infection (all grade),Cavg_120hr,27,2,"0.297 (0.219, 0.415)","0.119 (0.107, 0.130)",0.010,*
Infection (all grade),Cmax_dose1,27,2,"0.137 (0.121, 0.176)","0.177 (0.157, 0.198)",0.355,
Infection (all grade),Cavg_dose1,27,2,"0.087 (0.069, 0.107)","0.134 (0.120, 0.149)",0.099,
Infection (all grade),Cmax_dose3,26,1,"5.677 (4.888, 6.929)","4.438 (4.438, 4.438)",N/A,
Infection (all grade),Cavg_dose3,26,1,"4.484 (3.828, 5.401)","2.607 (2.607, 2.607)",N/A,
Neuropathy (all grade),Cmax_72hr,12,17,"0.177 (0.139, 0.431)","0.196 (0.176, 0.482)",0.556,
Neuropathy (all grade),Cavg_72hr,12,17,"0.107 (0.088, 0.132)","0.115 (0.105, 0.148)",0.556,
Neuropathy (all grade),Cmax_120hr,12,17,"0.722 (0.642, 0.945)","0.896 (0.630, 1.050)",0.744,
Neuropathy (all grade),Cavg_120hr,12,17,"0.252 (0.217, 0.339)","0.330 (0.208, 0.408)",0.777,
Neuropathy (all grade),Cmax_dose1,12,17,"0.142 (0.129, 0.165)","0.137 (0.116, 0.178)",0.556,
Neuropathy (all grade),Cavg_dose1,12,17,"0.088 (0.080, 0.102)","0.077 (0.067, 0.110)",0.679,
Neuropathy (all grade),Cmax_dose3,11,16,"6.009 (5.118, 6.915)","5.234 (4.467, 6.799)",0.368,
Neuropathy (all grade),Cavg_dose3,11,16,"4.637 (4.009, 5.344)","4.089 (3.589, 5.358)",0.422,
Bilirubinemia (all grade),Cmax_72hr,2,27,"0.532 (0.524, 0.540)","0.187 (0.145, 0.417)",0.099,
Bilirubinemia (all grade),Cavg_72hr,2,27,"0.164 (0.161, 0.167)","0.109 (0.089, 0.127)",0.079,
Bilirubinemia (all grade),Cmax_120hr,2,27,"1.818 (1.357, 2.279)","0.737 (0.635, 0.995)",0.241,
Bilirubinemia (all grade),Cavg_120hr,2,27,"0.498 (0.453, 0.544)","0.294 (0.200, 0.385)",0.099,
Bilirubinemia (all grade),Cmax_dose1,2,27,"0.119 (0.117, 0.121)","0.140 (0.122, 0.183)",0.276,
Bilirubinemia (all grade),Cavg_dose1,2,27,"0.072 (0.070, 0.073)","0.089 (0.072, 0.109)",0.315,
Bilirubinemia (all grade),Cmax_dose3,2,25,"4.938 (4.810, 5.066)","6.009 (4.872, 6.944)",0.365,
Bilirubinemia (all grade),Cavg_dose3,2,25,"3.975 (3.883, 4.067)","4.637 (3.824, 5.440)",0.513,
Liver Enzyme Elevation (all grade),Cmax_72hr,3,26,"0.548 (0.364, 0.558)","0.191 (0.143, 0.424)",0.150,
Liver Enzyme Elevation (all grade),Cavg_72hr,3,26,"0.170 (0.140, 0.173)","0.111 (0.089, 0.129)",0.130,
Liver Enzyme Elevation (all grade),Cmax_120hr,3,26,"0.896 (0.769, 0.917)","0.756 (0.632, 1.044)",1.000,
Liver Enzyme Elevation (all grade),Cavg_120hr,3,26,"0.408 (0.300, 0.415)","0.294 (0.209, 0.392)",0.660,
Liver Enzyme Elevation (all grade),Cmax_dose1,3,26,"0.130 (0.127, 0.168)","0.139 (0.121, 0.177)",0.813,
Liver Enzyme Elevation (all grade),Cavg_dose1,3,26,"0.078 (0.076, 0.104)","0.088 (0.069, 0.108)",0.866,
Liver Enzyme Elevation (all grade),Cmax_dose3,3,24,"5.345 (5.270, 6.144)","5.641 (4.804, 7.003)",0.799,
Liver Enzyme Elevation (all grade),Cavg_dose3,3,24,"4.330 (4.244, 4.885)","4.379 (3.752, 5.358)",0.689,
Creatinine Elevation (all grade),Cmax_72hr,1,28,"0.153 (0.153, 0.153)","0.195 (0.148, 0.488)",N/A,
Creatinine Elevation (all grade),Cavg_72hr,1,28,"0.092 (0.092, 0.092)","0.114 (0.089, 0.149)",N/A,
Creatinine Elevation (all grade),Cmax_120hr,1,28,"0.549 (0.549, 0.549)","0.805 (0.642, 1.030)",N/A,
Creatinine Elevation (all grade),Cavg_120hr,1,28,"0.162 (0.162, 0.162)","0.296 (0.211, 0.411)",N/A,
Creatinine Elevation (all grade),Cmax_dose1,1,28,"0.174 (0.174, 0.174)","0.137 (0.121, 0.180)",N/A,
Creatinine Elevation (all grade),Cavg_dose1,1,28,"0.110 (0.110, 0.110)","0.087 (0.069, 0.106)",N/A,
Creatinine Elevation (all grade),Cmax_dose3,1,26,"6.273 (6.273, 6.273)","5.309 (4.851, 6.929)",N/A,
Creatinine Elevation (all grade),Cavg_dose3,1,26,"4.932 (4.932, 4.932)","4.244 (3.799, 5.401)",N/A,
Secondary Malignancy (all grade),Cmax_72hr,1,28,"0.140 (0.140, 0.140)","0.195 (0.152, 0.488)",N/A,
Secondary Malignancy (all grade),Cavg_72hr,1,28,"0.089 (0.089, 0.089)","0.114 (0.091, 0.149)",N/A,
Secondary Malignancy (all grade),Cmax_120hr,1,28,"0.737 (0.737, 0.737)","0.805 (0.638, 1.030)",N/A,
Secondary Malignancy (all grade),Cavg_120hr,1,28,"0.249 (0.249, 0.249)","0.296 (0.204, 0.411)",N/A,
Secondary Malignancy (all grade),Cmax_dose1,1,28,"0.140 (0.140, 0.140)","0.137 (0.121, 0.180)",N/A,
Secondary Malignancy (all grade),Cavg_dose1,1,28,"0.089 (0.089, 0.089)","0.087 (0.069, 0.109)",N/A,
Secondary Malignancy (all grade),Cmax_dose3,1,26,"5.262 (5.262, 5.262)","5.677 (4.851, 6.929)",N/A,
Secondary Malignancy (all grade),Cavg_dose3,1,26,"4.121 (4.121, 4.121)","4.484 (3.799, 5.401)",N/A,
Psychiatric Dysfunction (all grade),Cmax_72hr,27,2,"0.187 (0.145, 0.456)","0.456 (0.430, 0.482)",0.315,
Psychiatric Dysfunction (all grade),Cavg_72hr,27,2,"0.109 (0.089, 0.139)","0.138 (0.131, 0.146)",0.315,
Psychiatric Dysfunction (all grade),Cmax_120hr,27,2,"0.775 (0.635, 1.037)","0.816 (0.740, 0.891)",0.897,
Psychiatric Dysfunction (all grade),Cavg_120hr,27,2,"0.294 (0.200, 0.415)","0.348 (0.323, 0.374)",0.596,
Psychiatric Dysfunction (all grade),Cmax_dose1,27,2,"0.140 (0.123, 0.183)","0.105 (0.098, 0.113)",0.099,
Psychiatric Dysfunction (all grade),Cavg_dose1,27,2,"0.089 (0.075, 0.109)","0.061 (0.058, 0.064)",0.079,
Psychiatric Dysfunction (all grade),Cmax_dose3,25,2,"5.345 (4.872, 6.944)","5.213 (4.582, 5.843)",0.462,
Psychiatric Dysfunction (all grade),Cavg_dose3,25,2,"4.330 (3.824, 5.440)","4.041 (3.595, 4.487)",0.513,
